{
    "data": [
      {
        "title": "Marble Cake",
        "link": "/app/layouts/details"
      },
      {
        "title": "Fruitcake",
        "link": "/app/layouts/details"
      },
      {
        "title": "Chocolate Cake",
        "link": "/app/layouts/details"
      }, {
        "title": "Fat Rascal",
        "link": "/app/layouts/details"
      }, {
        "title": "Financier",
        "link": "/app/layouts/details"
      }, {
        "title": "Genoise",
        "link": "/app/layouts/details"
      }, {
        "title": "Gingerbread",
        "link": "/app/layouts/details"
      }, {
        "title": "Goose Breast",
        "link": "/app/layouts/details"
      }, {
        "title": "Parkin",
        "link": "/app/layouts/details"
      }, {
        "title": "Salzburger Nockerl",
        "link": "/app/layouts/details"
      }, {
        "title": "Soufflé",
        "link": "/app/layouts/details"
      }, {
        "title": "Merveilleux",
        "link": "/app/layouts/details"
      }, {
        "title": "Streuselkuchen",
        "link": "/app/layouts/details"
      }, {
        "title": "Tea Loaf",
        "link": "/app/layouts/details"
      }, {
        "title": "Napoleonshat",
        "link": "/app/layouts/details"
      }, {
        "title": "Merveilleux",
        "link": "/app/layouts/details"
      }, {
        "title": "Magdalena",
        "link": "/app/layouts/details"
      }, {
        "title": "Cremeschnitte",
        "link": "/app/layouts/details"
      }, {
        "title": "Cheesecake",
        "link": "/app/layouts/details"
      }, {
        "title": "Bebinca",
        "link": "/app/layouts/details"
      }, {
        "title": "Fruitcake",
        "link": "/app/layouts/details"
      }, {
        "title": "Chocolate Cake",
        "link": "/app/layouts/details"
      }, {
        "title": "Fat Rascal",
        "link": "/app/layouts/details"
      }, {
        "title": "Streuselkuchen",
        "link": "/app/layouts/details"
      }
    ]
  }
  