{
  "data": [
    {
      "label": "Mayra Sibley",
      "date": "09.08.2018 - 12:45",
      "thumb": "/assets/img/profile-pic-l.jpg",
      "key": 0
    },
    {
      "label": "Mimi Carreira",
      "date": "05.08.2018 - 10:20",
      "thumb": "/assets/img/profile-pic-l-2.jpg",
      "key": 1
    },
    {
      "label": "Philip Nelms",
      "date": "05.08.2018 - 09:12",
      "thumb": "/assets/img/profile-pic-l-3.jpg",
      "key": 2
    },
    {
      "label": "Terese Threadgill",
      "date": "01.08.2018 - 18:20",
      "thumb": "/assets/img/profile-pic-l-4.jpg",
      "key": 3
    },
    {
      "label": "Kathryn Mengel",
      "date": "27.07.2018 - 11:45",
      "thumb": "/assets/img/profile-pic-l-5.jpg",
      "key": 4
    },
    {
      "label": "Esperanza Lodge",
      "date": "24.07.2018 - 15:00",
      "thumb": "/assets/img/profile-pic-l-2.jpg",
      "key": 5
    },
    {
      "label": "Laree Munsch",
      "date": "24.05.2018 - 11:00",
      "thumb": "/assets/img/profile-pic-l.jpg",
      "key": 6
    }
  ]
}
